,$,private,public,id,float,integer,rpar,lpar,dot,semi,return,write,read,while,else,then,if,rcurbr,lcurbr,minus,plus,void,comma,geq,leq,gt,lt,neq,eq,isa,and,div,mult,colon,attribute,constructor,arrow,function,localvar,rsqbr,lsqbr,sr,not,floatlit,intlit,class,equal,or
START,START → REPTSTART0,,,,,,,,,,,,,,,,,,,,,,,,,,,,,,,,,,,,,START → REPTSTART0,,,,,,,,START → REPTSTART0,,
APARAMS,,,,APARAMS → EXPR SEMANTICEPSILON REPTAPARAMS1 SEMANTICAPARAMS,,,APARAMS → &epsilon,APARAMS → EXPR SEMANTICEPSILON REPTAPARAMS1 SEMANTICAPARAMS,,,,,,,,,,,,APARAMS → EXPR SEMANTICEPSILON REPTAPARAMS1 SEMANTICAPARAMS,APARAMS → EXPR SEMANTICEPSILON REPTAPARAMS1 SEMANTICAPARAMS,,,,,,,,,,,,,,,,,,,,,,APARAMS → EXPR SEMANTICEPSILON REPTAPARAMS1 SEMANTICAPARAMS,APARAMS → EXPR SEMANTICEPSILON REPTAPARAMS1 SEMANTICAPARAMS,APARAMS → EXPR SEMANTICEPSILON REPTAPARAMS1 SEMANTICAPARAMS,,,
SEMANTICAPARAMS,,,,,,,SEMANTICAPARAMS → &epsilon,,,,,,,,,,,,,,,,,,,,,,,,,,,,,,,,,,,,,,,,,
APARAMSTAIL,,,,,,,,,,,,,,,,,,,,,,,APARAMSTAIL → comma EXPR,,,,,,,,,,,,,,,,,,,,,,,,,
ADDOP,,,,,,,,,,,,,,,,,,,,ADDOP → minus,ADDOP → plus,,,,,,,,,,,,,,,,,,,,,,,,,,,ADDOP → or
ARITHEXPR,,,,ARITHEXPR → TERM SEMANTICEPSILON RIGHTRECARITHEXPR SEMANTICARITHEXPR,,,,ARITHEXPR → TERM SEMANTICEPSILON RIGHTRECARITHEXPR SEMANTICARITHEXPR,,,,,,,,,,,,ARITHEXPR → TERM SEMANTICEPSILON RIGHTRECARITHEXPR SEMANTICARITHEXPR,ARITHEXPR → TERM SEMANTICEPSILON RIGHTRECARITHEXPR SEMANTICARITHEXPR,,,,,,,,,,,,,,,,,,,,,,ARITHEXPR → TERM SEMANTICEPSILON RIGHTRECARITHEXPR SEMANTICARITHEXPR,ARITHEXPR → TERM SEMANTICEPSILON RIGHTRECARITHEXPR SEMANTICARITHEXPR,ARITHEXPR → TERM SEMANTICEPSILON RIGHTRECARITHEXPR SEMANTICARITHEXPR,,,
SEMANTICARITHEXPR,,,,,,,SEMANTICARITHEXPR → &epsilon,,,SEMANTICARITHEXPR → &epsilon,,,,,,,,,,,,,SEMANTICARITHEXPR → &epsilon,SEMANTICARITHEXPR → &epsilon,SEMANTICARITHEXPR → &epsilon,SEMANTICARITHEXPR → &epsilon,SEMANTICARITHEXPR → &epsilon,SEMANTICARITHEXPR → &epsilon,SEMANTICARITHEXPR → &epsilon,,,,,,,,,,,SEMANTICARITHEXPR → &epsilon,,,,,,,,
ARRAYSIZE,,,,,,,,,,,,,,,,,,,,,,,,,,,,,,,,,,,,,,,,,ARRAYSIZE → lsqbr ARRAYSIZE2,,,,,,,
ARRAYSIZE2,,,,,,,,,,,,,,,,,,,,,,,,,,,,,,,,,,,,,,,,ARRAYSIZE2 → rsqbr,,,,,ARRAYSIZE2 → intlit SEMANTICINTLIT rsqbr,,,
SEMANTICINTLIT,,,,,,,,,,,,,,,,,,,,,,,,,,,,,,,,,,,,,,,,SEMANTICINTLIT → &epsilon,,,,,,,,
ASSIGNOP,,,,,,,,,,,,,,,,,,,,,,,,,,,,,,,,,,,,,,,,,,,,,,,ASSIGNOP → equal,
CLASSDECL,,,,,,,,,,,,,,,,,,,,,,,,,,,,,,,,,,,,,,,,,,,,,,CLASSDECL → class id OPTCLASSDECL2 lcurbr REPTCLASSDECL4 rcurbr semi,,
CLASSDECLORFUNCDEF,,,,,,,,,,,,,,,,,,,,,,,,,,,,,,,,,,,,,,CLASSDECLORFUNCDEF → FUNCDEF,,,,,,,,CLASSDECLORFUNCDEF → CLASSDECL,,
EXPR,,,,EXPR → ARITHEXPR EXPR2 SEMANTICEXPR,,,,EXPR → ARITHEXPR EXPR2 SEMANTICEXPR,,,,,,,,,,,,EXPR → ARITHEXPR EXPR2 SEMANTICEXPR,EXPR → ARITHEXPR EXPR2 SEMANTICEXPR,,,,,,,,,,,,,,,,,,,,,,EXPR → ARITHEXPR EXPR2 SEMANTICEXPR,EXPR → ARITHEXPR EXPR2 SEMANTICEXPR,EXPR → ARITHEXPR EXPR2 SEMANTICEXPR,,,
EXPR2,,,,,,,EXPR2 → &epsilon,,,EXPR2 → &epsilon,,,,,,,,,,,,,EXPR2 → &epsilon,EXPR2 → RELOP SEMANTICTOKEN ARITHEXPR,EXPR2 → RELOP SEMANTICTOKEN ARITHEXPR,EXPR2 → RELOP SEMANTICTOKEN ARITHEXPR,EXPR2 → RELOP SEMANTICTOKEN ARITHEXPR,EXPR2 → RELOP SEMANTICTOKEN ARITHEXPR,EXPR2 → RELOP SEMANTICTOKEN ARITHEXPR,,,,,,,,,,,,,,,,,,,
SEMANTICEXPR,,,,,,,SEMANTICEXPR → &epsilon,,,SEMANTICEXPR → &epsilon,,,,,,,,,,,,,SEMANTICEXPR → &epsilon,,,,,,,,,,,,,,,,,,,,,,,,,
FPARAMS,,,,FPARAMS → id colon TYPE REPTFPARAMS3 REPTFPARAMS4,,,FPARAMS → &epsilon,,,,,,,,,,,,,,,,,,,,,,,,,,,,,,,,,,,,,,,,,
FPARAMSTAIL,,,,,,,,,,,,,,,,,,,,,,,FPARAMSTAIL → comma id colon TYPE REPTFPARAMSTAIL4,,,,,,,,,,,,,,,,,,,,,,,,,
FACTOR,,,,FACTOR → SEMANTICEPSILON FUNCTIONCALLORVARIABLE SEMANTICFACTORCALLORCAR,,,,FACTOR → lpar ARITHEXPR rpar SEMANTICFACTOR,,,,,,,,,,,,FACTOR → SIGN SEMANTICTOKEN FACTOR SEMANTICFACTOR,FACTOR → SIGN SEMANTICTOKEN FACTOR SEMANTICFACTOR,,,,,,,,,,,,,,,,,,,,,,FACTOR → not SEMANTICTOKEN FACTOR SEMANTICFACTOR,FACTOR → floatlit SEMANTICTOKEN SEMANTICFACTOR,FACTOR → intlit SEMANTICTOKEN SEMANTICFACTOR,,,
SEMANTICTOKEN,,,,SEMANTICTOKEN → &epsilon,,,SEMANTICTOKEN → &epsilon,SEMANTICTOKEN → &epsilon,SEMANTICTOKEN → &epsilon,SEMANTICTOKEN → &epsilon,,,,,,,,,,SEMANTICTOKEN → &epsilon,SEMANTICTOKEN → &epsilon,,SEMANTICTOKEN → &epsilon,SEMANTICTOKEN → &epsilon,SEMANTICTOKEN → &epsilon,SEMANTICTOKEN → &epsilon,SEMANTICTOKEN → &epsilon,SEMANTICTOKEN → &epsilon,SEMANTICTOKEN → &epsilon,,SEMANTICTOKEN → &epsilon,SEMANTICTOKEN → &epsilon,SEMANTICTOKEN → &epsilon,,,,,,,SEMANTICTOKEN → &epsilon,SEMANTICTOKEN → &epsilon,,SEMANTICTOKEN → &epsilon,SEMANTICTOKEN → &epsilon,SEMANTICTOKEN → &epsilon,,SEMANTICTOKEN → &epsilon,SEMANTICTOKEN → &epsilon
SEMANTICFACTOR,,,,,,,SEMANTICFACTOR → &epsilon,,,SEMANTICFACTOR → &epsilon,,,,,,,,,,SEMANTICFACTOR → &epsilon,SEMANTICFACTOR → &epsilon,,SEMANTICFACTOR → &epsilon,SEMANTICFACTOR → &epsilon,SEMANTICFACTOR → &epsilon,SEMANTICFACTOR → &epsilon,SEMANTICFACTOR → &epsilon,SEMANTICFACTOR → &epsilon,SEMANTICFACTOR → &epsilon,,SEMANTICFACTOR → &epsilon,SEMANTICFACTOR → &epsilon,SEMANTICFACTOR → &epsilon,,,,,,,SEMANTICFACTOR → &epsilon,,,,,,,,SEMANTICFACTOR → &epsilon
SEMANTICFACTORCALLORCAR,,,,,,,SEMANTICFACTORCALLORCAR → &epsilon,,,SEMANTICFACTORCALLORCAR → &epsilon,,,,,,,,,,SEMANTICFACTORCALLORCAR → &epsilon,SEMANTICFACTORCALLORCAR → &epsilon,,SEMANTICFACTORCALLORCAR → &epsilon,SEMANTICFACTORCALLORCAR → &epsilon,SEMANTICFACTORCALLORCAR → &epsilon,SEMANTICFACTORCALLORCAR → &epsilon,SEMANTICFACTORCALLORCAR → &epsilon,SEMANTICFACTORCALLORCAR → &epsilon,SEMANTICFACTORCALLORCAR → &epsilon,,SEMANTICFACTORCALLORCAR → &epsilon,SEMANTICFACTORCALLORCAR → &epsilon,SEMANTICFACTORCALLORCAR → &epsilon,,,,,,,SEMANTICFACTORCALLORCAR → &epsilon,,,,,,,,SEMANTICFACTORCALLORCAR → &epsilon
FUNCBODY,,,,,,,,,,,,,,,,,,,FUNCBODY → lcurbr SEMANTICEPSILON REPTFUNCBODY1 SEMANTICFUNCBODY rcurbr,,,,,,,,,,,,,,,,,,,,,,,,,,,,,
SEMANTICFUNCBODY,,,,,,,,,,,,,,,,,,SEMANTICFUNCBODY → &epsilon,,,,,,,,,,,,,,,,,,,,,,,,,,,,,,
FUNCDEF,,,,,,,,,,,,,,,,,,,,,,,,,,,,,,,,,,,,,,FUNCDEF → FUNCHEAD FUNCBODY,,,,,,,,,,
FUNCHEAD,,,,,,,,,,,,,,,,,,,,,,,,,,,,,,,,,,,,,,FUNCHEAD → function id FUNCHEAD3,,,,,,,,,,
FUNCHEAD2,,,,FUNCHEAD2 → id lpar FPARAMS rpar arrow RETURNTYPE,,,,,,,,,,,,,,,,,,,,,,,,,,,,,,,,FUNCHEAD2 → constructor lpar FPARAMS rpar,,,,,,,,,,,,
FUNCHEAD3,,,,,,,,FUNCHEAD3 → lpar FPARAMS rpar arrow RETURNTYPE,,,,,,,,,,,,,,,,,,,,,,,,,,,,,,,,,,FUNCHEAD3 → sr FUNCHEAD2,,,,,,
VARIABLE,,,,VARIABLE → id SEMANTICTOKEN SEMANTICEPSILON VARIABLE3 SEMANTICVARIABLE,,,,,,,,,,,,,,,,,,,,,,,,,,,,,,,,,,,,,,,,,,,,
VARIABLE3,,,,,,,VARIABLE3 → &epsilon,,VARIABLE3 → VARIABLE2,,,,,,,,,,,,,,,,,,,,,,,,,,,,,,,,VARIABLE3 → INDICE,,,,,,,
VARIABLE2,,,,,,,,,VARIABLE2 → dot SEMANTICTOKEN id SEMANTICEPSILON VARIABLE4 SEMANTICVARIABLE,,,,,,,,,,,,,,,,,,,,,,,,,,,,,,,,,,,,,,,
VARIABLE4,,,,,,,,VARIABLE4 → lpar APARAMS rpar VARIABLE2,,,,,,,,,,,,,,,,,,,,,,,,,,,,,,,,,VARIABLE4 → INDICE VARIABLE5,,,,,,,
VARIABLE5,,,,,,,VARIABLE5 → &epsilon,,VARIABLE5 → VARIABLE2,,,,,,,,,,,,,,,,,,,,,,,,,,,,,,,,,,,,,,,
FUNCTIONCALLORVARIABLE,,,,FUNCTIONCALLORVARIABLE → id SEMANTICTOKEN FUNCTIONCALLORVARIABLE1,,,,,,,,,,,,,,,,,,,,,,,,,,,,,,,,,,,,,,,,,,,,
FUNCTIONCALLORVARIABLE1,,,,,,,FUNCTIONCALLORVARIABLE1 → SEMANTICEPSILON SEMANTICEPSILON INDICELOOP SEMANTICINDICELIST SEMANTICVARIABLE FUNCTIONCALLORVARIABLE2,FUNCTIONCALLORVARIABLE1 → SEMANTICEPSILON lpar APARAMS rpar SEMANTICFUNCTIONCALL FUNCTIONCALLORVARIABLE2,FUNCTIONCALLORVARIABLE1 → SEMANTICEPSILON SEMANTICEPSILON INDICELOOP SEMANTICINDICELIST SEMANTICVARIABLE FUNCTIONCALLORVARIABLE2,FUNCTIONCALLORVARIABLE1 → SEMANTICEPSILON SEMANTICEPSILON INDICELOOP SEMANTICINDICELIST SEMANTICVARIABLE FUNCTIONCALLORVARIABLE2,,,,,,,,,,FUNCTIONCALLORVARIABLE1 → SEMANTICEPSILON SEMANTICEPSILON INDICELOOP SEMANTICINDICELIST SEMANTICVARIABLE FUNCTIONCALLORVARIABLE2,FUNCTIONCALLORVARIABLE1 → SEMANTICEPSILON SEMANTICEPSILON INDICELOOP SEMANTICINDICELIST SEMANTICVARIABLE FUNCTIONCALLORVARIABLE2,,FUNCTIONCALLORVARIABLE1 → SEMANTICEPSILON SEMANTICEPSILON INDICELOOP SEMANTICINDICELIST SEMANTICVARIABLE FUNCTIONCALLORVARIABLE2,FUNCTIONCALLORVARIABLE1 → SEMANTICEPSILON SEMANTICEPSILON INDICELOOP SEMANTICINDICELIST SEMANTICVARIABLE FUNCTIONCALLORVARIABLE2,FUNCTIONCALLORVARIABLE1 → SEMANTICEPSILON SEMANTICEPSILON INDICELOOP SEMANTICINDICELIST SEMANTICVARIABLE FUNCTIONCALLORVARIABLE2,FUNCTIONCALLORVARIABLE1 → SEMANTICEPSILON SEMANTICEPSILON INDICELOOP SEMANTICINDICELIST SEMANTICVARIABLE FUNCTIONCALLORVARIABLE2,FUNCTIONCALLORVARIABLE1 → SEMANTICEPSILON SEMANTICEPSILON INDICELOOP SEMANTICINDICELIST SEMANTICVARIABLE FUNCTIONCALLORVARIABLE2,FUNCTIONCALLORVARIABLE1 → SEMANTICEPSILON SEMANTICEPSILON INDICELOOP SEMANTICINDICELIST SEMANTICVARIABLE FUNCTIONCALLORVARIABLE2,FUNCTIONCALLORVARIABLE1 → SEMANTICEPSILON SEMANTICEPSILON INDICELOOP SEMANTICINDICELIST SEMANTICVARIABLE FUNCTIONCALLORVARIABLE2,,FUNCTIONCALLORVARIABLE1 → SEMANTICEPSILON SEMANTICEPSILON INDICELOOP SEMANTICINDICELIST SEMANTICVARIABLE FUNCTIONCALLORVARIABLE2,FUNCTIONCALLORVARIABLE1 → SEMANTICEPSILON SEMANTICEPSILON INDICELOOP SEMANTICINDICELIST SEMANTICVARIABLE FUNCTIONCALLORVARIABLE2,FUNCTIONCALLORVARIABLE1 → SEMANTICEPSILON SEMANTICEPSILON INDICELOOP SEMANTICINDICELIST SEMANTICVARIABLE FUNCTIONCALLORVARIABLE2,,,,,,,FUNCTIONCALLORVARIABLE1 → SEMANTICEPSILON SEMANTICEPSILON INDICELOOP SEMANTICINDICELIST SEMANTICVARIABLE FUNCTIONCALLORVARIABLE2,FUNCTIONCALLORVARIABLE1 → SEMANTICEPSILON SEMANTICEPSILON INDICELOOP SEMANTICINDICELIST SEMANTICVARIABLE FUNCTIONCALLORVARIABLE2,,,,,,,FUNCTIONCALLORVARIABLE1 → SEMANTICEPSILON SEMANTICEPSILON INDICELOOP SEMANTICINDICELIST SEMANTICVARIABLE FUNCTIONCALLORVARIABLE2
FUNCTIONCALLORVARIABLE2,,,,,,,FUNCTIONCALLORVARIABLE2 → &epsilon,,FUNCTIONCALLORVARIABLE2 → dot id SEMANTICTOKEN FUNCTIONCALLORVARIABLE3,FUNCTIONCALLORVARIABLE2 → &epsilon,,,,,,,,,,FUNCTIONCALLORVARIABLE2 → &epsilon,FUNCTIONCALLORVARIABLE2 → &epsilon,,FUNCTIONCALLORVARIABLE2 → &epsilon,FUNCTIONCALLORVARIABLE2 → &epsilon,FUNCTIONCALLORVARIABLE2 → &epsilon,FUNCTIONCALLORVARIABLE2 → &epsilon,FUNCTIONCALLORVARIABLE2 → &epsilon,FUNCTIONCALLORVARIABLE2 → &epsilon,FUNCTIONCALLORVARIABLE2 → &epsilon,,FUNCTIONCALLORVARIABLE2 → &epsilon,FUNCTIONCALLORVARIABLE2 → &epsilon,FUNCTIONCALLORVARIABLE2 → &epsilon,,,,,,,FUNCTIONCALLORVARIABLE2 → &epsilon,,,,,,,,FUNCTIONCALLORVARIABLE2 → &epsilon
FUNCTIONCALLORVARIABLE3,,,,,,,FUNCTIONCALLORVARIABLE3 → SEMANTICEPSILON SEMANTICEPSILON INDICELOOP SEMANTICINDICELIST SEMANTICVARIABLE FUNCTIONCALLORVARIABLE2,FUNCTIONCALLORVARIABLE3 → SEMANTICEPSILON lpar APARAMS rpar SEMANTICFUNCTIONCALL FUNCTIONCALLORVARIABLE2,FUNCTIONCALLORVARIABLE3 → SEMANTICEPSILON SEMANTICEPSILON INDICELOOP SEMANTICINDICELIST SEMANTICVARIABLE FUNCTIONCALLORVARIABLE2,FUNCTIONCALLORVARIABLE3 → SEMANTICEPSILON SEMANTICEPSILON INDICELOOP SEMANTICINDICELIST SEMANTICVARIABLE FUNCTIONCALLORVARIABLE2,,,,,,,,,,FUNCTIONCALLORVARIABLE3 → SEMANTICEPSILON SEMANTICEPSILON INDICELOOP SEMANTICINDICELIST SEMANTICVARIABLE FUNCTIONCALLORVARIABLE2,FUNCTIONCALLORVARIABLE3 → SEMANTICEPSILON SEMANTICEPSILON INDICELOOP SEMANTICINDICELIST SEMANTICVARIABLE FUNCTIONCALLORVARIABLE2,,FUNCTIONCALLORVARIABLE3 → SEMANTICEPSILON SEMANTICEPSILON INDICELOOP SEMANTICINDICELIST SEMANTICVARIABLE FUNCTIONCALLORVARIABLE2,FUNCTIONCALLORVARIABLE3 → SEMANTICEPSILON SEMANTICEPSILON INDICELOOP SEMANTICINDICELIST SEMANTICVARIABLE FUNCTIONCALLORVARIABLE2,FUNCTIONCALLORVARIABLE3 → SEMANTICEPSILON SEMANTICEPSILON INDICELOOP SEMANTICINDICELIST SEMANTICVARIABLE FUNCTIONCALLORVARIABLE2,FUNCTIONCALLORVARIABLE3 → SEMANTICEPSILON SEMANTICEPSILON INDICELOOP SEMANTICINDICELIST SEMANTICVARIABLE FUNCTIONCALLORVARIABLE2,FUNCTIONCALLORVARIABLE3 → SEMANTICEPSILON SEMANTICEPSILON INDICELOOP SEMANTICINDICELIST SEMANTICVARIABLE FUNCTIONCALLORVARIABLE2,FUNCTIONCALLORVARIABLE3 → SEMANTICEPSILON SEMANTICEPSILON INDICELOOP SEMANTICINDICELIST SEMANTICVARIABLE FUNCTIONCALLORVARIABLE2,FUNCTIONCALLORVARIABLE3 → SEMANTICEPSILON SEMANTICEPSILON INDICELOOP SEMANTICINDICELIST SEMANTICVARIABLE FUNCTIONCALLORVARIABLE2,,FUNCTIONCALLORVARIABLE3 → SEMANTICEPSILON SEMANTICEPSILON INDICELOOP SEMANTICINDICELIST SEMANTICVARIABLE FUNCTIONCALLORVARIABLE2,FUNCTIONCALLORVARIABLE3 → SEMANTICEPSILON SEMANTICEPSILON INDICELOOP SEMANTICINDICELIST SEMANTICVARIABLE FUNCTIONCALLORVARIABLE2,FUNCTIONCALLORVARIABLE3 → SEMANTICEPSILON SEMANTICEPSILON INDICELOOP SEMANTICINDICELIST SEMANTICVARIABLE FUNCTIONCALLORVARIABLE2,,,,,,,FUNCTIONCALLORVARIABLE3 → SEMANTICEPSILON SEMANTICEPSILON INDICELOOP SEMANTICINDICELIST SEMANTICVARIABLE FUNCTIONCALLORVARIABLE2,FUNCTIONCALLORVARIABLE3 → SEMANTICEPSILON SEMANTICEPSILON INDICELOOP SEMANTICINDICELIST SEMANTICVARIABLE FUNCTIONCALLORVARIABLE2,,,,,,,FUNCTIONCALLORVARIABLE3 → SEMANTICEPSILON SEMANTICEPSILON INDICELOOP SEMANTICINDICELIST SEMANTICVARIABLE FUNCTIONCALLORVARIABLE2
SEMANTICVARIABLE,,,,,,,SEMANTICVARIABLE → &epsilon,,SEMANTICVARIABLE → &epsilon,SEMANTICVARIABLE → &epsilon,,,,,,,,,,SEMANTICVARIABLE → &epsilon,SEMANTICVARIABLE → &epsilon,,SEMANTICVARIABLE → &epsilon,SEMANTICVARIABLE → &epsilon,SEMANTICVARIABLE → &epsilon,SEMANTICVARIABLE → &epsilon,SEMANTICVARIABLE → &epsilon,SEMANTICVARIABLE → &epsilon,SEMANTICVARIABLE → &epsilon,,SEMANTICVARIABLE → &epsilon,SEMANTICVARIABLE → &epsilon,SEMANTICVARIABLE → &epsilon,,,,,,,SEMANTICVARIABLE → &epsilon,,,,,,,,SEMANTICVARIABLE → &epsilon
SEMANTICFUNCTIONCALL,,,,,,,SEMANTICFUNCTIONCALL → &epsilon,,SEMANTICFUNCTIONCALL → &epsilon,SEMANTICFUNCTIONCALL → &epsilon,,,,,,,,,,SEMANTICFUNCTIONCALL → &epsilon,SEMANTICFUNCTIONCALL → &epsilon,,SEMANTICFUNCTIONCALL → &epsilon,SEMANTICFUNCTIONCALL → &epsilon,SEMANTICFUNCTIONCALL → &epsilon,SEMANTICFUNCTIONCALL → &epsilon,SEMANTICFUNCTIONCALL → &epsilon,SEMANTICFUNCTIONCALL → &epsilon,SEMANTICFUNCTIONCALL → &epsilon,,SEMANTICFUNCTIONCALL → &epsilon,SEMANTICFUNCTIONCALL → &epsilon,SEMANTICFUNCTIONCALL → &epsilon,,,,,,,SEMANTICFUNCTIONCALL → &epsilon,,,,,,,,SEMANTICFUNCTIONCALL → &epsilon
INDICE,,,,,,,,,,,,,,,,,,,,,,,,,,,,,,,,,,,,,,,,,INDICE → lsqbr ARITHEXPR rsqbr,,,,,,,
LOCALVARDECL,,,,,,,,,,,,,,,,,,,,,,,,,,,,,,,,,,,,,,,LOCALVARDECL → localvar id SEMANTICID colon TYPE SEMANTICTYPE LOCALVARDECL2,,,,,,,,,
LOCALVARDECL2,,,,,,,,LOCALVARDECL2 → lpar APARAMS rpar semi,,LOCALVARDECL2 → SEMANTICEPSILON REPTLOCALVARDECL4 SEMANTICARRAYSIZE SEMANTICVARDECL semi,,,,,,,,,,,,,,,,,,,,,,,,,,,,,,,LOCALVARDECL2 → SEMANTICEPSILON REPTLOCALVARDECL4 SEMANTICARRAYSIZE SEMANTICVARDECL semi,,,,,,,
SEMANTICID,,,,,,,,,,,,,,,,,,,,,,,,,,,,,,,,,,SEMANTICID → &epsilon,,,,,,,,,,,,,,
SEMANTICTYPE,,,,,,,,SEMANTICTYPE → &epsilon,,SEMANTICTYPE → &epsilon,,,,,,,,,,,,,,,,,,,,,,,,,,,,,,,SEMANTICTYPE → &epsilon,,,,,,,
SEMANTICEPSILON,,,,SEMANTICEPSILON → &epsilon,,,SEMANTICEPSILON → &epsilon,SEMANTICEPSILON → &epsilon,SEMANTICEPSILON → &epsilon,SEMANTICEPSILON → &epsilon,SEMANTICEPSILON → &epsilon,SEMANTICEPSILON → &epsilon,SEMANTICEPSILON → &epsilon,SEMANTICEPSILON → &epsilon,,,SEMANTICEPSILON → &epsilon,SEMANTICEPSILON → &epsilon,,SEMANTICEPSILON → &epsilon,SEMANTICEPSILON → &epsilon,,SEMANTICEPSILON → &epsilon,SEMANTICEPSILON → &epsilon,SEMANTICEPSILON → &epsilon,SEMANTICEPSILON → &epsilon,SEMANTICEPSILON → &epsilon,SEMANTICEPSILON → &epsilon,SEMANTICEPSILON → &epsilon,,SEMANTICEPSILON → &epsilon,SEMANTICEPSILON → &epsilon,SEMANTICEPSILON → &epsilon,,,,,,SEMANTICEPSILON → &epsilon,SEMANTICEPSILON → &epsilon,SEMANTICEPSILON → &epsilon,,SEMANTICEPSILON → &epsilon,SEMANTICEPSILON → &epsilon,SEMANTICEPSILON → &epsilon,,SEMANTICEPSILON → &epsilon,SEMANTICEPSILON → &epsilon
SEMANTICARRAYSIZE,,,,,,,,,,SEMANTICARRAYSIZE → &epsilon,,,,,,,,,,,,,,,,,,,,,,,,,,,,,,,,,,,,,,
SEMANTICVARDECL,,,,,,,,,,SEMANTICVARDECL → &epsilon,,,,,,,,,,,,,,,,,,,,,,,,,,,,,,,,,,,,,,
LOCALVARDECLORSTMT,,,,LOCALVARDECLORSTMT → STATEMENT,,,,,,,LOCALVARDECLORSTMT → STATEMENT,LOCALVARDECLORSTMT → STATEMENT,LOCALVARDECLORSTMT → STATEMENT,LOCALVARDECLORSTMT → STATEMENT,,,LOCALVARDECLORSTMT → STATEMENT,,,,,,,,,,,,,,,,,,,,,,LOCALVARDECLORSTMT → LOCALVARDECL,,,,,,,,,
MEMBERDECL,,,,,,,,,,,,,,,,,,,,,,,,,,,,,,,,,,,MEMBERDECL → MEMBERVARDECL,MEMBERDECL → MEMBERFUNCDECL,,MEMBERDECL → MEMBERFUNCDECL,,,,,,,,,,
MEMBERFUNCDECL,,,,,,,,,,,,,,,,,,,,,,,,,,,,,,,,,,,,MEMBERFUNCDECL → constructor colon lpar FPARAMS rpar semi,,MEMBERFUNCDECL → function id colon lpar FPARAMS rpar arrow RETURNTYPE semi,,,,,,,,,,
MEMBERVARDECL,,,,,,,,,,,,,,,,,,,,,,,,,,,,,,,,,,,MEMBERVARDECL → attribute id colon TYPE REPTMEMBERVARDECL4 semi,,,,,,,,,,,,,
MULTOP,,,,,,,,,,,,,,,,,,,,,,,,,,,,,,,MULTOP → and,MULTOP → div,MULTOP → mult,,,,,,,,,,,,,,,
OPTCLASSDECL2,,,,,,,,,,,,,,,,,,,OPTCLASSDECL2 → &epsilon,,,,,,,,,,,OPTCLASSDECL2 → isa id REPTOPTCLASSDECL22,,,,,,,,,,,,,,,,,,
RELEXPR,,,,RELEXPR → ARITHEXPR RELOP SEMANTICTOKEN ARITHEXPR SEMANTICRELEXPR,,,,RELEXPR → ARITHEXPR RELOP SEMANTICTOKEN ARITHEXPR SEMANTICRELEXPR,,,,,,,,,,,,RELEXPR → ARITHEXPR RELOP SEMANTICTOKEN ARITHEXPR SEMANTICRELEXPR,RELEXPR → ARITHEXPR RELOP SEMANTICTOKEN ARITHEXPR SEMANTICRELEXPR,,,,,,,,,,,,,,,,,,,,,,RELEXPR → ARITHEXPR RELOP SEMANTICTOKEN ARITHEXPR SEMANTICRELEXPR,RELEXPR → ARITHEXPR RELOP SEMANTICTOKEN ARITHEXPR SEMANTICRELEXPR,RELEXPR → ARITHEXPR RELOP SEMANTICTOKEN ARITHEXPR SEMANTICRELEXPR,,,
SEMANTICRELEXPR,,,,,,,SEMANTICRELEXPR → &epsilon,,,,,,,,,,,,,,,,,,,,,,,,,,,,,,,,,,,,,,,,,
RELOP,,,,,,,,,,,,,,,,,,,,,,,,RELOP → geq,RELOP → leq,RELOP → gt,RELOP → lt,RELOP → neq,RELOP → eq,,,,,,,,,,,,,,,,,,,
REPTSTART0,REPTSTART0 → &epsilon,,,,,,,,,,,,,,,,,,,,,,,,,,,,,,,,,,,,,REPTSTART0 → CLASSDECLORFUNCDEF REPTSTART0,,,,,,,,REPTSTART0 → CLASSDECLORFUNCDEF REPTSTART0,,
REPTAPARAMS1,,,,,,,REPTAPARAMS1 → &epsilon,,,,,,,,,,,,,,,,REPTAPARAMS1 → APARAMSTAIL REPTAPARAMS1,,,,,,,,,,,,,,,,,,,,,,,,,
REPTCLASSDECL4,,REPTCLASSDECL4 → VISIBILITY MEMBERDECL REPTCLASSDECL4,REPTCLASSDECL4 → VISIBILITY MEMBERDECL REPTCLASSDECL4,,,,,,,,,,,,,,,REPTCLASSDECL4 → &epsilon,,,,,,,,,,,,,,,,,REPTCLASSDECL4 → VISIBILITY MEMBERDECL REPTCLASSDECL4,REPTCLASSDECL4 → VISIBILITY MEMBERDECL REPTCLASSDECL4,,REPTCLASSDECL4 → VISIBILITY MEMBERDECL REPTCLASSDECL4,,,,,,,,,,
REPTFPARAMS3,,,,,,,REPTFPARAMS3 → &epsilon,,,,,,,,,,,,,,,,REPTFPARAMS3 → &epsilon,,,,,,,,,,,,,,,,,,REPTFPARAMS3 → ARRAYSIZE REPTFPARAMS3,,,,,,,
REPTFPARAMS4,,,,,,,REPTFPARAMS4 → &epsilon,,,,,,,,,,,,,,,,REPTFPARAMS4 → FPARAMSTAIL REPTFPARAMS4,,,,,,,,,,,,,,,,,,,,,,,,,
REPTFPARAMSTAIL4,,,,,,,REPTFPARAMSTAIL4 → &epsilon,,,,,,,,,,,,,,,,REPTFPARAMSTAIL4 → &epsilon,,,,,,,,,,,,,,,,,,REPTFPARAMSTAIL4 → ARRAYSIZE REPTFPARAMSTAIL4,,,,,,,
REPTFUNCBODY1,,,,REPTFUNCBODY1 → LOCALVARDECLORSTMT REPTFUNCBODY1,,,,,,,REPTFUNCBODY1 → LOCALVARDECLORSTMT REPTFUNCBODY1,REPTFUNCBODY1 → LOCALVARDECLORSTMT REPTFUNCBODY1,REPTFUNCBODY1 → LOCALVARDECLORSTMT REPTFUNCBODY1,REPTFUNCBODY1 → LOCALVARDECLORSTMT REPTFUNCBODY1,,,REPTFUNCBODY1 → LOCALVARDECLORSTMT REPTFUNCBODY1,REPTFUNCBODY1 → &epsilon,,,,,,,,,,,,,,,,,,,,,REPTFUNCBODY1 → LOCALVARDECLORSTMT REPTFUNCBODY1,,,,,,,,,
REPTLOCALVARDECL4,,,,,,,,,,REPTLOCALVARDECL4 → &epsilon,,,,,,,,,,,,,,,,,,,,,,,,,,,,,,,REPTLOCALVARDECL4 → ARRAYSIZE REPTLOCALVARDECL4,,,,,,,
REPTMEMBERVARDECL4,,,,,,,,,,REPTMEMBERVARDECL4 → &epsilon,,,,,,,,,,,,,,,,,,,,,,,,,,,,,,,REPTMEMBERVARDECL4 → ARRAYSIZE REPTMEMBERVARDECL4,,,,,,,
REPTOPTCLASSDECL22,,,,,,,,,,,,,,,,,,,REPTOPTCLASSDECL22 → &epsilon,,,,REPTOPTCLASSDECL22 → comma id REPTOPTCLASSDECL22,,,,,,,,,,,,,,,,,,,,,,,,,
REPTSTATBLOCK1,,,,REPTSTATBLOCK1 → STATEMENT REPTSTATBLOCK1,,,,,,,REPTSTATBLOCK1 → STATEMENT REPTSTATBLOCK1,REPTSTATBLOCK1 → STATEMENT REPTSTATBLOCK1,REPTSTATBLOCK1 → STATEMENT REPTSTATBLOCK1,REPTSTATBLOCK1 → STATEMENT REPTSTATBLOCK1,,,REPTSTATBLOCK1 → STATEMENT REPTSTATBLOCK1,REPTSTATBLOCK1 → &epsilon,,,,,,,,,,,,,,,,,,,,,,,,,,,,,,
RETURNTYPE,,,,RETURNTYPE → TYPE,RETURNTYPE → TYPE,RETURNTYPE → TYPE,,,,,,,,,,,,,,,,RETURNTYPE → void,,,,,,,,,,,,,,,,,,,,,,,,,,
RIGHTRECARITHEXPR,,,,,,,RIGHTRECARITHEXPR → &epsilon,,,RIGHTRECARITHEXPR → &epsilon,,,,,,,,,,RIGHTRECARITHEXPR → ADDOP SEMANTICTOKEN TERM RIGHTRECARITHEXPR,RIGHTRECARITHEXPR → ADDOP SEMANTICTOKEN TERM RIGHTRECARITHEXPR,,RIGHTRECARITHEXPR → &epsilon,RIGHTRECARITHEXPR → &epsilon,RIGHTRECARITHEXPR → &epsilon,RIGHTRECARITHEXPR → &epsilon,RIGHTRECARITHEXPR → &epsilon,RIGHTRECARITHEXPR → &epsilon,RIGHTRECARITHEXPR → &epsilon,,,,,,,,,,,RIGHTRECARITHEXPR → &epsilon,,,,,,,,RIGHTRECARITHEXPR → ADDOP SEMANTICTOKEN TERM RIGHTRECARITHEXPR
RIGHTRECTERM,,,,,,,RIGHTRECTERM → &epsilon,,,RIGHTRECTERM → &epsilon,,,,,,,,,,RIGHTRECTERM → &epsilon,RIGHTRECTERM → &epsilon,,RIGHTRECTERM → &epsilon,RIGHTRECTERM → &epsilon,RIGHTRECTERM → &epsilon,RIGHTRECTERM → &epsilon,RIGHTRECTERM → &epsilon,RIGHTRECTERM → &epsilon,RIGHTRECTERM → &epsilon,,RIGHTRECTERM → MULTOP SEMANTICTOKEN FACTOR RIGHTRECTERM,RIGHTRECTERM → MULTOP SEMANTICTOKEN FACTOR RIGHTRECTERM,RIGHTRECTERM → MULTOP SEMANTICTOKEN FACTOR RIGHTRECTERM,,,,,,,RIGHTRECTERM → &epsilon,,,,,,,,RIGHTRECTERM → &epsilon
SIGN,,,,,,,,,,,,,,,,,,,,SIGN → minus,SIGN → plus,,,,,,,,,,,,,,,,,,,,,,,,,,,
STATBLOCK,,,,STATBLOCK → STATEMENT,,,,,,STATBLOCK → &epsilon,STATBLOCK → STATEMENT,STATBLOCK → STATEMENT,STATBLOCK → STATEMENT,STATBLOCK → STATEMENT,STATBLOCK → &epsilon,,STATBLOCK → STATEMENT,,STATBLOCK → lcurbr SEMANTICEPSILON REPTSTATBLOCK1 rcurbr SEMANTICSTATBLOCK,,,,,,,,,,,,,,,,,,,,,,,,,,,,,
SEMANTICSTATBLOCK,,,,,,,,,,SEMANTICSTATBLOCK → &epsilon,,,,,SEMANTICSTATBLOCK → &epsilon,,,,,,,,,,,,,,,,,,,,,,,,,,,,,,,,,
STATEMENT,,,,STATEMENT → FUNCTIONCALLORASIGNSTAT semi,,,,,,,STATEMENT → return lpar EXPR rpar SEMANTICRETURNSTAT semi,STATEMENT → write lpar EXPR rpar SEMANTICWRITESTAT semi,STATEMENT → read lpar VARIABLE rpar SEMANTICREADSTAT semi,STATEMENT → SEMANTICEPSILON while lpar RELEXPR rpar STATBLOCK SEMANTICWHILESTAT semi,,,STATEMENT → SEMANTICEPSILON if lpar RELEXPR rpar then STATBLOCK else STATBLOCK SEMANTICIFSTAT semi,,,,,,,,,,,,,,,,,,,,,,,,,,,,,,,
SEMANTICRETURNSTAT,,,,,,,,,,SEMANTICRETURNSTAT → &epsilon,,,,,,,,,,,,,,,,,,,,,,,,,,,,,,,,,,,,,,
SEMANTICWRITESTAT,,,,,,,,,,SEMANTICWRITESTAT → &epsilon,,,,,,,,,,,,,,,,,,,,,,,,,,,,,,,,,,,,,,
SEMANTICREADSTAT,,,,,,,,,,SEMANTICREADSTAT → &epsilon,,,,,,,,,,,,,,,,,,,,,,,,,,,,,,,,,,,,,,
SEMANTICIFSTAT,,,,,,,,,,SEMANTICIFSTAT → &epsilon,,,,,,,,,,,,,,,,,,,,,,,,,,,,,,,,,,,,,,
SEMANTICWHILESTAT,,,,,,,,,,SEMANTICWHILESTAT → &epsilon,,,,,,,,,,,,,,,,,,,,,,,,,,,,,,,,,,,,,,
FUNCTIONCALLORASIGNSTAT,,,,FUNCTIONCALLORASIGNSTAT → SEMANTICEPSILON id SEMANTICTOKEN ISFUNCTIONCALLORVARIABLE,,,,,,,,,,,,,,,,,,,,,,,,,,,,,,,,,,,,,,,,,,,,
ISFUNCTIONCALLORVARIABLE,,,,,,,,ISFUNCTIONCALLORVARIABLE → lpar APARAMS rpar AFTERFUNCTIONCALL,ISFUNCTIONCALLORVARIABLE → SEMANTICEPSILON INDICELOOP SEMANTICINDICELIST AFTERVARIABLE,,,,,,,,,,,,,,,,,,,,,,,,,,,,,,,,ISFUNCTIONCALLORVARIABLE → SEMANTICEPSILON INDICELOOP SEMANTICINDICELIST AFTERVARIABLE,,,,,,ISFUNCTIONCALLORVARIABLE → SEMANTICEPSILON INDICELOOP SEMANTICINDICELIST AFTERVARIABLE,
AFTERFUNCTIONCALL,,,,,,,,,AFTERFUNCTIONCALL → dot id SEMANTICTOKEN MIDDLESTATE,AFTERFUNCTIONCALL → SEMANTICFUNCTIONCALLSTAT,,,,,,,,,,,,,,,,,,,,,,,,,,,,,,,,,,,,,,
AFTERVARIABLE,,,,,,,,,AFTERVARIABLE → dot id SEMANTICTOKEN MIDDLESTATE,,,,,,,,,,,,,,,,,,,,,,,,,,,,,,,,,,,,,,AFTERVARIABLE → ENDASSIGN,
MIDDLESTATE,,,,,,,,MIDDLESTATE → lpar APARAMS rpar AFTERFUNCTIONCALL,MIDDLESTATE → SEMANTICEPSILON INDICELOOP SEMANTICINDICELIST AFTERVARIABLE,,,,,,,,,,,,,,,,,,,,,,,,,,,,,,,,MIDDLESTATE → SEMANTICEPSILON INDICELOOP SEMANTICINDICELIST AFTERVARIABLE,,,,,,MIDDLESTATE → SEMANTICEPSILON INDICELOOP SEMANTICINDICELIST AFTERVARIABLE,
INDICELOOP,,,,,,,INDICELOOP → &epsilon,,INDICELOOP → &epsilon,INDICELOOP → &epsilon,,,,,,,,,,INDICELOOP → &epsilon,INDICELOOP → &epsilon,,INDICELOOP → &epsilon,INDICELOOP → &epsilon,INDICELOOP → &epsilon,INDICELOOP → &epsilon,INDICELOOP → &epsilon,INDICELOOP → &epsilon,INDICELOOP → &epsilon,,INDICELOOP → &epsilon,INDICELOOP → &epsilon,INDICELOOP → &epsilon,,,,,,,INDICELOOP → &epsilon,INDICELOOP → INDICE INDICELOOP,,,,,,INDICELOOP → &epsilon,INDICELOOP → &epsilon
ENDASSIGN,,,,,,,,,,,,,,,,,,,,,,,,,,,,,,,,,,,,,,,,,,,,,,,ENDASSIGN → ASSIGNOP SEMANTICTOKEN EXPR SEMANTICASSIGNSTAT,
SEMANTICINDICELIST,,,,,,,SEMANTICINDICELIST → &epsilon,,SEMANTICINDICELIST → &epsilon,SEMANTICINDICELIST → &epsilon,,,,,,,,,,SEMANTICINDICELIST → &epsilon,SEMANTICINDICELIST → &epsilon,,SEMANTICINDICELIST → &epsilon,SEMANTICINDICELIST → &epsilon,SEMANTICINDICELIST → &epsilon,SEMANTICINDICELIST → &epsilon,SEMANTICINDICELIST → &epsilon,SEMANTICINDICELIST → &epsilon,SEMANTICINDICELIST → &epsilon,,SEMANTICINDICELIST → &epsilon,SEMANTICINDICELIST → &epsilon,SEMANTICINDICELIST → &epsilon,,,,,,,SEMANTICINDICELIST → &epsilon,,,,,,,SEMANTICINDICELIST → &epsilon,SEMANTICINDICELIST → &epsilon
SEMANTICASSIGNSTAT,,,,,,,,,,SEMANTICASSIGNSTAT → &epsilon,,,,,,,,,,,,,,,,,,,,,,,,,,,,,,,,,,,,,,
SEMANTICFUNCTIONCALLSTAT,,,,,,,,,,SEMANTICFUNCTIONCALLSTAT → &epsilon,,,,,,,,,,,,,,,,,,,,,,,,,,,,,,,,,,,,,,
TERM,,,,TERM → SEMANTICEPSILON FACTOR RIGHTRECTERM SEMANTICTERM,,,,TERM → SEMANTICEPSILON FACTOR RIGHTRECTERM SEMANTICTERM,,,,,,,,,,,,TERM → SEMANTICEPSILON FACTOR RIGHTRECTERM SEMANTICTERM,TERM → SEMANTICEPSILON FACTOR RIGHTRECTERM SEMANTICTERM,,,,,,,,,,,,,,,,,,,,,,TERM → SEMANTICEPSILON FACTOR RIGHTRECTERM SEMANTICTERM,TERM → SEMANTICEPSILON FACTOR RIGHTRECTERM SEMANTICTERM,TERM → SEMANTICEPSILON FACTOR RIGHTRECTERM SEMANTICTERM,,,
SEMANTICTERM,,,,,,,SEMANTICTERM → &epsilon,,,SEMANTICTERM → &epsilon,,,,,,,,,,SEMANTICTERM → &epsilon,SEMANTICTERM → &epsilon,,SEMANTICTERM → &epsilon,SEMANTICTERM → &epsilon,SEMANTICTERM → &epsilon,SEMANTICTERM → &epsilon,SEMANTICTERM → &epsilon,SEMANTICTERM → &epsilon,SEMANTICTERM → &epsilon,,,,,,,,,,,SEMANTICTERM → &epsilon,,,,,,,,SEMANTICTERM → &epsilon
TYPE,,,,TYPE → id,TYPE → float,TYPE → integer,,,,,,,,,,,,,,,,,,,,,,,,,,,,,,,,,,,,,,,,,,
VISIBILITY,,VISIBILITY → private,VISIBILITY → public,,,,,,,,,,,,,,,,,,,,,,,,,,,,,,,,VISIBILITY → &epsilon,VISIBILITY → &epsilon,,VISIBILITY → &epsilon,,,,,,,,,,
